{
  "project_info": {
    "project_number": "647963507385",
    "project_id": "notes-pro-79367",
    "storage_bucket": "notes-pro-79367.appspot.com"
  },
  "client": [
    {
      "client_info": {
        "mobilesdk_app_id": "1:647963507385:android:67ef40f9b5b124e0d0f968",
        "android_client_info": {
          "package_name": "AndroidAssignment.notespro"
        }
      },
      "oauth_client": [],
      "api_key": [
        {
          "current_key": "AIzaSyCJkzAdJceZfx_wHdBlwpWIJAo_VWU7Gs8"
        }
      ],
      "services": {
        "appinvite_service": {
          "other_platform_oauth_client": []
        }
      }
    }
  ],
  "configuration_version": "1"
}